{"Total Reward":201.10500000000684,"_step":4,"Epoch":4,"Policy Loss":-0.03369666263461113,"Value Loss":0.7015703320503235,"_wandb":{"runtime":298},"Entropy":3.8285253047943115,"Win Rate":0.11358447488584475,"_runtime":270.277613649,"_timestamp":1.7382743250365179e+09}